{"cameraMode":{"drawMode":0,"name":"Shaded","section":"Shading Mode"},"sceneLighting":false,"audioPlay":false,"sceneViewState":{"showFog":true,"showMaterialUpdate":false,"showSkybox":true,"showFlares":true,"showImageEffects":true,"showParticleSystems":true},"in2DMode":false,"pivot":{"x":-4.353641510009766,"y":-1.4708285331726075,"z":-2.06208872795105},"rotation":{"x":-0.09213432669639588,"y":0.837389349937439,"z":-0.14901000261306764,"w":-0.5177707076072693},"size":6.097103595733643,"orthographic":false}