{"cameraMode":{"drawMode":0,"name":"Shaded","section":"Shading Mode"},"sceneLighting":false,"audioPlay":false,"sceneViewState":{"showFog":true,"showMaterialUpdate":false,"showSkybox":true,"showFlares":true,"showImageEffects":true,"showParticleSystems":true},"in2DMode":false,"pivot":{"x":29.485267639160158,"y":4.933178901672363,"z":55.69621276855469},"rotation":{"x":-0.08806757628917694,"y":0.9064717888832092,"z":-0.23514443635940553,"w":-0.3394997715950012},"size":22.0,"orthographic":false}