{"cameraMode":{"drawMode":0,"name":"Shaded","section":"Shading Mode"},"sceneLighting":false,"audioPlay":false,"sceneViewState":{"showFog":true,"showMaterialUpdate":false,"showSkybox":true,"showFlares":true,"showImageEffects":true,"showParticleSystems":true},"in2DMode":false,"pivot":{"x":2.5804195404052736,"y":-1.6641594171524048,"z":0.2992992401123047},"rotation":{"x":0.2450469583272934,"y":0.45480141043663027,"z":-0.13173124194145204,"w":0.8460227847099304},"size":4.925613880157471,"orthographic":false}