{"cameraMode":{"drawMode":0,"name":"Shaded","section":"Shading Mode"},"sceneLighting":false,"audioPlay":false,"sceneViewState":{"showFog":true,"showMaterialUpdate":false,"showSkybox":true,"showFlares":true,"showImageEffects":true,"showParticleSystems":true},"in2DMode":false,"pivot":{"x":2.702460527420044,"y":2.6797034740448,"z":4.0712175369262699},"rotation":{"x":-0.0929243341088295,"y":0.8983011841773987,"z":-0.23029054701328278,"w":-0.36247262358665469},"size":3.871706008911133,"orthographic":false}