{"cameraMode":{"drawMode":0,"name":"Shaded","section":"Shading Mode"},"sceneLighting":false,"audioPlay":false,"sceneViewState":{"showFog":true,"showMaterialUpdate":false,"showSkybox":true,"showFlares":true,"showImageEffects":true,"showParticleSystems":true},"in2DMode":false,"pivot":{"x":0.0,"y":15.720000267028809,"z":-38.325340270996097},"rotation":{"x":-0.09027498960494995,"y":0.7987698316574097,"z":-0.12394998222589493,"w":-0.5817676186561585},"size":5.918283462524414,"orthographic":false}