{"cameraMode":{"drawMode":0,"name":"Shaded","section":"Shading Mode"},"sceneLighting":false,"audioPlay":false,"sceneViewState":{"showFog":true,"showMaterialUpdate":false,"showSkybox":true,"showFlares":true,"showImageEffects":true,"showParticleSystems":true},"in2DMode":false,"pivot":{"x":0.7262942790985107,"y":0.206430584192276,"z":0.000526726245880127},"rotation":{"x":-0.04685557261109352,"y":0.9530986547470093,"z":-0.2065935730934143,"w":-0.2161634862422943},"size":3.871706008911133,"orthographic":false}