{"cameraMode":{"drawMode":0,"name":"Shaded","section":"Shading Mode"},"sceneLighting":false,"audioPlay":false,"sceneViewState":{"showFog":true,"showMaterialUpdate":false,"showSkybox":true,"showFlares":true,"showImageEffects":true,"showParticleSystems":true},"in2DMode":false,"pivot":{"x":34.048004150390628,"y":0.1291731297969818,"z":-0.41627615690231326},"rotation":{"x":-0.09235773980617523,"y":0.8366117477416992,"z":-0.14887163043022157,"w":-0.5190262198448181},"size":2.1935553550720217,"orthographic":false}