{"cameraMode":{"drawMode":0,"name":"Shaded","section":"Shading Mode"},"sceneLighting":true,"audioPlay":false,"sceneViewState":{"showFog":true,"showMaterialUpdate":false,"showSkybox":true,"showFlares":true,"showImageEffects":true,"showParticleSystems":true},"in2DMode":false,"pivot":{"x":12.419870376586914,"y":-13.088017463684082,"z":23.706340789794923},"rotation":{"x":0.268027663230896,"y":0.1884680986404419,"z":-0.0535503625869751,"w":0.9432780146598816},"size":38.23397445678711,"orthographic":false}