{"cameraMode":{"drawMode":2,"name":"Shaded Wireframe","section":"Shading Mode"},"sceneLighting":false,"audioPlay":false,"sceneViewState":{"showFog":true,"showMaterialUpdate":false,"showSkybox":false,"showFlares":true,"showImageEffects":true,"showParticleSystems":true},"in2DMode":false,"pivot":{"x":0.831038773059845,"y":-3.016990900039673,"z":4.540262222290039},"rotation":{"x":-0.1947506070137024,"y":-0.013262281194329262,"z":0.003318974282592535,"w":-0.979965329170227},"size":8.492042541503907,"orthographic":false}