{"cameraMode":{"drawMode":0,"name":"Shaded","section":"Shading Mode"},"sceneLighting":false,"audioPlay":false,"sceneViewState":{"showFog":true,"showMaterialUpdate":false,"showSkybox":false,"showFlares":true,"showImageEffects":true,"showParticleSystems":true},"in2DMode":false,"pivot":{"x":1.1578859090805054,"y":-3.234862804412842,"z":-3.253143310546875},"rotation":{"x":-0.07435127347707749,"y":0.9208685159683228,"z":-0.31363818049430849,"w":-0.21839439868927003},"size":8.492042541503907,"orthographic":false}