{"cameraMode":{"drawMode":0,"name":"Shaded","section":"Shading Mode"},"sceneLighting":false,"audioPlay":false,"sceneViewState":{"showFog":true,"showMaterialUpdate":false,"showSkybox":false,"showFlares":true,"showImageEffects":true,"showParticleSystems":true},"in2DMode":false,"pivot":{"x":1.574570894241333,"y":-0.004777734633535147,"z":0.15298041701316834},"rotation":{"x":0.268825888633728,"y":0.11967506259679795,"z":-0.03407672792673111,"w":0.9545208811759949},"size":8.49204158782959,"orthographic":false}