{"cameraMode":{"drawMode":0,"name":"Shaded","section":"Shading Mode"},"sceneLighting":false,"audioPlay":false,"sceneViewState":{"showFog":true,"showMaterialUpdate":false,"showSkybox":false,"showFlares":true,"showImageEffects":true,"showParticleSystems":true},"in2DMode":false,"pivot":{"x":0.17443452775478364,"y":0.6204848289489746,"z":0.3132179379463196},"rotation":{"x":-0.32949015498161318,"y":-0.3694872558116913,"z":0.14250458776950837,"w":-0.8566502928733826},"size":1.691210389137268,"orthographic":false}