{"cameraMode":{"drawMode":0,"name":"Shaded","section":"Shading Mode"},"sceneLighting":false,"audioPlay":false,"sceneViewState":{"showFog":true,"showMaterialUpdate":false,"showSkybox":false,"showFlares":true,"showImageEffects":true,"showParticleSystems":true},"in2DMode":false,"pivot":{"x":0.10219216346740723,"y":-0.07338559627532959,"z":0.03122544288635254},"rotation":{"x":-0.29763180017471316,"y":0.3741017282009125,"z":-0.12815292179584504,"w":-0.868608832359314},"size":2.5472378730773927,"orthographic":false}