{"cameraMode":{"drawMode":0,"name":"Shaded","section":"Shading Mode"},"sceneLighting":false,"audioPlay":false,"sceneViewState":{"showFog":true,"showMaterialUpdate":false,"showSkybox":false,"showFlares":true,"showImageEffects":true,"showParticleSystems":true},"in2DMode":false,"pivot":{"x":21.37420082092285,"y":-9.608487129211426,"z":20.35774803161621},"rotation":{"x":-0.2544642388820648,"y":0.4172572195529938,"z":-0.12296281009912491,"w":-0.8634049296379089},"size":1783.6512451171875,"orthographic":false}