{"cameraMode":{"drawMode":2,"name":"Shaded Wireframe","section":"Shading Mode"},"sceneLighting":false,"audioPlay":false,"sceneViewState":{"showFog":true,"showMaterialUpdate":false,"showSkybox":false,"showFlares":true,"showImageEffects":true,"showParticleSystems":true},"in2DMode":false,"pivot":{"x":-1.4864892959594727,"y":-2.6682207584381105,"z":4.873435974121094},"rotation":{"x":0.19983190298080445,"y":-0.1739632934331894,"z":0.03587106615304947,"w":0.9629092812538147},"size":8.492042541503907,"orthographic":false}