{"cameraMode":{"drawMode":0,"name":"Shaded","section":"Shading Mode"},"sceneLighting":false,"audioPlay":false,"sceneViewState":{"showFog":true,"showMaterialUpdate":false,"showSkybox":false,"showFlares":true,"showImageEffects":true,"showParticleSystems":true},"in2DMode":false,"pivot":{"x":4.786085605621338,"y":-5.698379993438721,"z":-2.518839120864868},"rotation":{"x":0.2820679545402527,"y":0.7070865631103516,"z":-0.38085290789604189,"w":0.5241958498954773},"size":8.492042541503907,"orthographic":false}