{"cameraMode":{"drawMode":2,"name":"Shaded Wireframe","section":"Shading Mode"},"sceneLighting":false,"audioPlay":false,"sceneViewState":{"showFog":true,"showMaterialUpdate":false,"showSkybox":false,"showFlares":true,"showImageEffects":true,"showParticleSystems":true},"in2DMode":false,"pivot":{"x":1.9345756769180298,"y":-0.2996910512447357,"z":0.053426459431648257},"rotation":{"x":-0.24332374334335328,"y":-0.6719104051589966,"z":0.2520069181919098,"w":-0.6513684988021851},"size":8.492042541503907,"orthographic":false}