{"cameraMode":{"drawMode":0,"name":"Shaded","section":"Shading Mode"},"sceneLighting":false,"audioPlay":false,"sceneViewState":{"showFog":true,"showMaterialUpdate":false,"showSkybox":false,"showFlares":true,"showImageEffects":true,"showParticleSystems":true},"in2DMode":false,"pivot":{"x":1.5603461265563965,"y":0.361025333404541,"z":0.14108610153198243},"rotation":{"x":0.3350403308868408,"y":-0.05151650309562683,"z":0.017774613574147226,"w":0.9402480125427246},"size":8.492042541503907,"orthographic":false}