{"cameraMode":{"drawMode":0,"name":"Shaded","section":"Shading Mode"},"sceneLighting":false,"audioPlay":false,"sceneViewState":{"showFog":true,"showMaterialUpdate":false,"showSkybox":false,"showFlares":true,"showImageEffects":true,"showParticleSystems":true},"in2DMode":false,"pivot":{"x":-0.11434793472290039,"y":-2.213832139968872,"z":-0.5883887410163879},"rotation":{"x":-0.1120326966047287,"y":0.7084870934486389,"z":-0.11565735936164856,"w":-0.6868042945861816},"size":8.492042541503907,"orthographic":false}