{"cameraMode":{"drawMode":2,"name":"Shaded Wireframe","section":"Shading Mode"},"sceneLighting":false,"audioPlay":false,"sceneViewState":{"showFog":true,"showMaterialUpdate":false,"showSkybox":false,"showFlares":true,"showImageEffects":true,"showParticleSystems":true},"in2DMode":false,"pivot":{"x":2.1374077796936037,"y":-0.004777743946760893,"z":-0.137231707572937},"rotation":{"x":-0.029181847348809243,"y":0.9471101760864258,"z":-0.30612680315971377,"w":-0.08998194336891175},"size":8.492042541503907,"orthographic":false}