{"cameraMode":{"drawMode":2,"name":"Shaded Wireframe","section":"Shading Mode"},"sceneLighting":false,"audioPlay":false,"sceneViewState":{"showFog":true,"showMaterialUpdate":false,"showSkybox":false,"showFlares":true,"showImageEffects":true,"showParticleSystems":true},"in2DMode":false,"pivot":{"x":-0.8744965195655823,"y":-2.798522472381592,"z":1.922737956047058},"rotation":{"x":0.26409053802490237,"y":-0.025252269580960275,"z":0.006840483285486698,"w":0.9634554982185364},"size":8.492042541503907,"orthographic":false}