{"cameraMode":{"drawMode":2,"name":"Shaded Wireframe","section":"Shading Mode"},"sceneLighting":false,"audioPlay":false,"sceneViewState":{"showFog":true,"showMaterialUpdate":false,"showSkybox":false,"showFlares":true,"showImageEffects":true,"showParticleSystems":true},"in2DMode":false,"pivot":{"x":-0.46485090255737307,"y":-2.117466449737549,"z":1.426462173461914},"rotation":{"x":0.2639314532279968,"y":-0.36826464533805849,"z":0.1097625344991684,"w":0.8839473724365234},"size":8.492046356201172,"orthographic":false}