{"cameraMode":{"drawMode":2,"name":"Shaded Wireframe","section":"Shading Mode"},"sceneLighting":false,"audioPlay":false,"sceneViewState":{"showFog":true,"showMaterialUpdate":false,"showSkybox":false,"showFlares":true,"showImageEffects":true,"showParticleSystems":true},"in2DMode":false,"pivot":{"x":1.8700075149536133,"y":-3.0068886280059816,"z":3.468853235244751},"rotation":{"x":-0.18863512575626374,"y":0.06463111937046051,"z":-0.012769670225679875,"w":-0.9795817732810974},"size":8.492042541503907,"orthographic":false}