{"cameraMode":{"drawMode":2,"name":"Shaded Wireframe","section":"Shading Mode"},"sceneLighting":false,"audioPlay":false,"sceneViewState":{"showFog":true,"showMaterialUpdate":false,"showSkybox":false,"showFlares":true,"showImageEffects":true,"showParticleSystems":true},"in2DMode":false,"pivot":{"x":2.1374077796936037,"y":-0.0047777690924704079,"z":-0.137231707572937},"rotation":{"x":-0.39322006702423098,"y":-0.5326951742172241,"z":0.30762937664985659,"w":-0.6822304725646973},"size":8.492042541503907,"orthographic":false}