{"cameraMode":{"drawMode":2,"name":"Shaded Wireframe","section":"Shading Mode"},"sceneLighting":false,"audioPlay":false,"sceneViewState":{"showFog":true,"showMaterialUpdate":false,"showSkybox":false,"showFlares":true,"showImageEffects":true,"showParticleSystems":true},"in2DMode":false,"pivot":{"x":0.12297871708869934,"y":-1.9371954202651978,"z":4.233060359954834},"rotation":{"x":0.17022424936294557,"y":-0.06567832082509995,"z":0.010981664061546326,"w":0.9824573993682861},"size":8.492042541503907,"orthographic":false}