{"cameraMode":{"drawMode":2,"name":"Shaded Wireframe","section":"Shading Mode"},"sceneLighting":false,"audioPlay":false,"sceneViewState":{"showFog":true,"showMaterialUpdate":false,"showSkybox":false,"showFlares":true,"showImageEffects":true,"showParticleSystems":true},"in2DMode":false,"pivot":{"x":-0.04637814685702324,"y":-2.443679094314575,"z":5.663253307342529},"rotation":{"x":0.17045077681541444,"y":-0.03756469860672951,"z":0.006658716127276421,"w":0.9839513897895813},"size":8.492042541503907,"orthographic":false}