{"cameraMode":{"drawMode":2,"name":"Shaded Wireframe","section":"Shading Mode"},"sceneLighting":false,"audioPlay":false,"sceneViewState":{"showFog":true,"showMaterialUpdate":false,"showSkybox":false,"showFlares":true,"showImageEffects":true,"showParticleSystems":true},"in2DMode":false,"pivot":{"x":-0.6685925722122192,"y":-3.9756598472595217,"z":-3.4100732803344728},"rotation":{"x":-0.10623039305210114,"y":0.8918278813362122,"z":-0.2794223129749298,"w":-0.3389973044395447},"size":8.492042541503907,"orthographic":false}