{"cameraMode":{"drawMode":2,"name":"Shaded Wireframe","section":"Shading Mode"},"sceneLighting":false,"audioPlay":false,"sceneViewState":{"showFog":true,"showMaterialUpdate":false,"showSkybox":false,"showFlares":true,"showImageEffects":true,"showParticleSystems":true},"in2DMode":false,"pivot":{"x":0.4836692810058594,"y":-4.497237205505371,"z":4.783844470977783},"rotation":{"x":0.2876589894294739,"y":0.03225655481219292,"z":-0.009853677824139595,"w":0.9563469886779785},"size":8.492042541503907,"orthographic":false}