{"cameraMode":{"drawMode":2,"name":"Shaded Wireframe","section":"Shading Mode"},"sceneLighting":false,"audioPlay":false,"sceneViewState":{"showFog":true,"showMaterialUpdate":false,"showSkybox":false,"showFlares":true,"showImageEffects":true,"showParticleSystems":true},"in2DMode":false,"pivot":{"x":1.238607406616211,"y":-3.2082431316375734,"z":4.8266143798828129},"rotation":{"x":0.21375207602977754,"y":0.09332310408353806,"z":-0.020722368732094766,"w":0.9715233445167542},"size":8.492042541503907,"orthographic":false}