{"cameraMode":{"drawMode":0,"name":"Shaded","section":"Shading Mode"},"sceneLighting":false,"audioPlay":false,"sceneViewState":{"showFog":true,"showMaterialUpdate":false,"showSkybox":false,"showFlares":true,"showImageEffects":true,"showParticleSystems":true},"in2DMode":false,"pivot":{"x":3.6765382289886476,"y":-3.131608486175537,"z":4.0995073318481449},"rotation":{"x":0.26939377188682558,"y":0.2876455783843994,"z":-0.08505089581012726,"w":0.9145005941390991},"size":8.49204158782959,"orthographic":false}