{"cameraMode":{"drawMode":2,"name":"Shaded Wireframe","section":"Shading Mode"},"sceneLighting":false,"audioPlay":false,"sceneViewState":{"showFog":true,"showMaterialUpdate":false,"showSkybox":false,"showFlares":true,"showImageEffects":true,"showParticleSystems":true},"in2DMode":false,"pivot":{"x":-1.9063127040863038,"y":-1.2928096055984498,"z":5.642136573791504},"rotation":{"x":0.11660206317901612,"y":-0.15092980861663819,"z":0.01769545115530491,"w":0.9808895587921143},"size":8.492042541503907,"orthographic":false}