{"cameraMode":{"drawMode":2,"name":"Shaded Wireframe","section":"Shading Mode"},"sceneLighting":false,"audioPlay":false,"sceneViewState":{"showFog":true,"showMaterialUpdate":false,"showSkybox":false,"showFlares":true,"showImageEffects":true,"showParticleSystems":true},"in2DMode":false,"pivot":{"x":3.0093400478363039,"y":0.8788681030273438,"z":8.354738235473633},"rotation":{"x":-0.5850367546081543,"y":-0.11944370716810227,"z":0.08341077715158463,"w":-0.7965142130851746},"size":26.695056915283204,"orthographic":false}