{"cameraMode":{"drawMode":0,"name":"Shaded","section":"Shading Mode"},"sceneLighting":false,"audioPlay":false,"sceneViewState":{"showFog":true,"showMaterialUpdate":false,"showSkybox":false,"showFlares":true,"showImageEffects":true,"showParticleSystems":true},"in2DMode":false,"pivot":{"x":1.030447006225586,"y":-18.747962951660158,"z":-7.868256568908691},"rotation":{"x":-0.035495854914188388,"y":-0.8449381589889526,"z":0.5300735235214233,"w":-0.05689554288983345},"size":24.297258377075197,"orthographic":false}