{"cameraMode":{"drawMode":2,"name":"Shaded Wireframe","section":"Shading Mode"},"sceneLighting":false,"audioPlay":false,"sceneViewState":{"showFog":true,"showMaterialUpdate":false,"showSkybox":false,"showFlares":true,"showImageEffects":true,"showParticleSystems":true},"in2DMode":false,"pivot":{"x":-1.2097207307815552,"y":-2.547818660736084,"z":3.4735968112945558},"rotation":{"x":-0.21740034222602845,"y":0.16883492469787599,"z":-0.038291819393634799,"w":-0.9603605270385742},"size":8.492042541503907,"orthographic":false}