{"cameraMode":{"drawMode":2,"name":"Shaded Wireframe","section":"Shading Mode"},"sceneLighting":false,"audioPlay":false,"sceneViewState":{"showFog":true,"showMaterialUpdate":false,"showSkybox":false,"showFlares":true,"showImageEffects":true,"showParticleSystems":true},"in2DMode":false,"pivot":{"x":1.9644341468811036,"y":-3.30128812789917,"z":2.9069886207580568},"rotation":{"x":0.29158538579940798,"y":0.0011975367087870837,"z":-0.0005452856421470642,"w":0.9558586478233337},"size":8.492042541503907,"orthographic":false}