{"cameraMode":{"drawMode":2,"name":"Shaded Wireframe","section":"Shading Mode"},"sceneLighting":false,"audioPlay":false,"sceneViewState":{"showFog":true,"showMaterialUpdate":false,"showSkybox":false,"showFlares":true,"showImageEffects":true,"showParticleSystems":true},"in2DMode":false,"pivot":{"x":-0.5539244413375855,"y":-2.4763436317443849,"z":5.405768871307373},"rotation":{"x":0.18206648528575898,"y":-0.059653982520103458,"z":0.01069905236363411,"w":0.9807164669036865},"size":8.492042541503907,"orthographic":false}