{"cameraMode":{"drawMode":2,"name":"Shaded Wireframe","section":"Shading Mode"},"sceneLighting":false,"audioPlay":false,"sceneViewState":{"showFog":true,"showMaterialUpdate":false,"showSkybox":false,"showFlares":true,"showImageEffects":true,"showParticleSystems":true},"in2DMode":false,"pivot":{"x":0.34257492423057558,"y":-0.1649034172296524,"z":0.03504960238933563},"rotation":{"x":-0.33028048276901247,"y":0.09742464125156403,"z":-0.033648837357759479,"w":-0.9374114871025086},"size":2.3334531784057619,"orthographic":false}