{"cameraMode":{"drawMode":0,"name":"Shaded","section":"Shading Mode"},"sceneLighting":false,"audioPlay":false,"sceneViewState":{"showFog":true,"showMaterialUpdate":false,"showSkybox":false,"showFlares":true,"showImageEffects":true,"showParticleSystems":true},"in2DMode":false,"pivot":{"x":-1.7847957611083985,"y":-13.82258129119873,"z":5.639370918273926},"rotation":{"x":0.5541115403175354,"y":-0.11563511937856674,"z":0.07834332436323166,"w":0.8198747038841248},"size":20.99162483215332,"orthographic":false}