{"cameraMode":{"drawMode":2,"name":"Shaded Wireframe","section":"Shading Mode"},"sceneLighting":false,"audioPlay":false,"sceneViewState":{"showFog":true,"showMaterialUpdate":false,"showSkybox":false,"showFlares":true,"showImageEffects":true,"showParticleSystems":true},"in2DMode":false,"pivot":{"x":-1.3973755836486817,"y":-1.5383292436599732,"z":-4.700958728790283},"rotation":{"x":-0.07223260402679444,"y":0.9269528388977051,"z":-0.2782441973686218,"w":-0.24037617444992066},"size":8.492042541503907,"orthographic":false}