{"cameraMode":{"drawMode":2,"name":"Shaded Wireframe","section":"Shading Mode"},"sceneLighting":false,"audioPlay":false,"sceneViewState":{"showFog":true,"showMaterialUpdate":false,"showSkybox":false,"showFlares":true,"showImageEffects":true,"showParticleSystems":true},"in2DMode":false,"pivot":{"x":2.1374077796936037,"y":-0.0047777690924704079,"z":-0.137231707572937},"rotation":{"x":0.4350936710834503,"y":0.50277179479599,"z":-0.32572394609451296,"w":0.6712049245834351},"size":8.492042541503907,"orthographic":false}