{"cameraMode":{"drawMode":2,"name":"Shaded Wireframe","section":"Shading Mode"},"sceneLighting":false,"audioPlay":false,"sceneViewState":{"showFog":true,"showMaterialUpdate":false,"showSkybox":false,"showFlares":true,"showImageEffects":true,"showParticleSystems":true},"in2DMode":false,"pivot":{"x":1.0992262363433838,"y":-1.0542300939559937,"z":-0.13701903820037843},"rotation":{"x":0.3940662443637848,"y":0.5663055777549744,"z":-0.3538817763328552,"w":0.6304585933685303},"size":8.492044448852539,"orthographic":false}