{"cameraMode":{"drawMode":2,"name":"Shaded Wireframe","section":"Shading Mode"},"sceneLighting":true,"audioPlay":false,"sceneViewState":{"showFog":true,"showMaterialUpdate":false,"showSkybox":true,"showFlares":true,"showImageEffects":true,"showParticleSystems":true},"in2DMode":false,"pivot":{"x":0.25144144892692568,"y":-3.8177289962768556,"z":2.215003252029419},"rotation":{"x":0.4065893888473511,"y":-0.3188295066356659,"z":0.15274132788181306,"w":0.8414230346679688},"size":8.492046356201172,"orthographic":false}