{"cameraMode":{"drawMode":2,"name":"Shaded Wireframe","section":"Shading Mode"},"sceneLighting":false,"audioPlay":false,"sceneViewState":{"showFog":true,"showMaterialUpdate":false,"showSkybox":false,"showFlares":true,"showImageEffects":true,"showParticleSystems":true},"in2DMode":false,"pivot":{"x":1.2189580202102662,"y":-1.2872838973999024,"z":4.873397350311279},"rotation":{"x":-0.11826533824205399,"y":-0.12474613636732102,"z":0.01575319655239582,"w":-0.9842045903205872},"size":8.492042541503907,"orthographic":false}