{"cameraMode":{"drawMode":2,"name":"Shaded Wireframe","section":"Shading Mode"},"sceneLighting":false,"audioPlay":false,"sceneViewState":{"showFog":true,"showMaterialUpdate":false,"showSkybox":false,"showFlares":true,"showImageEffects":true,"showParticleSystems":true},"in2DMode":false,"pivot":{"x":1.4126794338226319,"y":-2.0426971912384035,"z":5.570005893707275},"rotation":{"x":-0.18000797927379609,"y":-0.01920444704592228,"z":0.004213667009025812,"w":-0.9826823472976685},"size":8.492042541503907,"orthographic":false}