{"cameraMode":{"drawMode":2,"name":"Shaded Wireframe","section":"Shading Mode"},"sceneLighting":false,"audioPlay":false,"sceneViewState":{"showFog":true,"showMaterialUpdate":false,"showSkybox":false,"showFlares":true,"showImageEffects":true,"showParticleSystems":true},"in2DMode":false,"pivot":{"x":1.8065662384033204,"y":-1.2737106084823609,"z":4.409808158874512},"rotation":{"x":0.15106651186943055,"y":0.11265899986028671,"z":-0.01770569384098053,"w":0.9813394546508789},"size":8.492042541503907,"orthographic":false}