{"cameraMode":{"drawMode":2,"name":"Shaded Wireframe","section":"Shading Mode"},"sceneLighting":false,"audioPlay":false,"sceneViewState":{"showFog":true,"showMaterialUpdate":false,"showSkybox":false,"showFlares":true,"showImageEffects":true,"showParticleSystems":true},"in2DMode":false,"pivot":{"x":0.2517312169075012,"y":-3.995220184326172,"z":-0.8211705088615418},"rotation":{"x":0.3913325071334839,"y":-0.4328984022140503,"z":0.21667437255382539,"w":0.7817986607551575},"size":8.492046356201172,"orthographic":false}