{"cameraMode":{"drawMode":2,"name":"Shaded Wireframe","section":"Shading Mode"},"sceneLighting":false,"audioPlay":false,"sceneViewState":{"showFog":true,"showMaterialUpdate":false,"showSkybox":false,"showFlares":true,"showImageEffects":true,"showParticleSystems":true},"in2DMode":false,"pivot":{"x":0.8142141699790955,"y":-4.79443359375,"z":5.076254844665527},"rotation":{"x":0.383049339056015,"y":0.02566809579730034,"z":-0.010663573630154133,"w":0.9225826859474182},"size":8.492042541503907,"orthographic":false}