{"cameraMode":{"drawMode":0,"name":"Shaded","section":"Shading Mode"},"sceneLighting":false,"audioPlay":false,"sceneViewState":{"showFog":true,"showMaterialUpdate":false,"showSkybox":false,"showFlares":true,"showImageEffects":true,"showParticleSystems":true},"in2DMode":false,"pivot":{"x":2.316864252090454,"y":0.275301456451416,"z":-0.6333110332489014},"rotation":{"x":0.19453518092632295,"y":0.8024623394012451,"z":-0.4321661591529846,"w":0.36167359352111819},"size":8.492042541503907,"orthographic":false}