{"cameraMode":{"drawMode":2,"name":"Shaded Wireframe","section":"Shading Mode"},"sceneLighting":false,"audioPlay":false,"sceneViewState":{"showFog":true,"showMaterialUpdate":false,"showSkybox":false,"showFlares":true,"showImageEffects":true,"showParticleSystems":true},"in2DMode":false,"pivot":{"x":1.400871753692627,"y":-5.351329326629639,"z":3.8862075805664064},"rotation":{"x":-0.36841174960136416,"y":-0.07372487336397171,"z":0.029368774965405465,"w":-0.9260658025741577},"size":8.492042541503907,"orthographic":false}