{"cameraMode":{"drawMode":0,"name":"Shaded","section":"Shading Mode"},"sceneLighting":false,"audioPlay":false,"sceneViewState":{"showFog":true,"showMaterialUpdate":false,"showSkybox":false,"showFlares":true,"showImageEffects":true,"showParticleSystems":true},"in2DMode":false,"pivot":{"x":0.9475492835044861,"y":-0.8477750420570374,"z":2.2741341590881349},"rotation":{"x":-0.1698921024799347,"y":0.0058488016948103909,"z":-0.0010666415328159929,"w":-0.985232412815094},"size":8.492042541503907,"orthographic":false}