{"cameraMode":{"drawMode":2,"name":"Shaded Wireframe","section":"Shading Mode"},"sceneLighting":true,"audioPlay":false,"sceneViewState":{"showFog":true,"showMaterialUpdate":false,"showSkybox":true,"showFlares":true,"showImageEffects":true,"showParticleSystems":true},"in2DMode":false,"pivot":{"x":6.878638744354248,"y":20.09003257751465,"z":-4.363741874694824},"rotation":{"x":0.499937504529953,"y":-0.01585652492940426,"z":0.013754409737884999,"w":0.8645883202552795},"size":7.379779815673828,"orthographic":false}