{"cameraMode":{"drawMode":0,"name":"Shaded","section":"Shading Mode"},"sceneLighting":true,"audioPlay":false,"sceneViewState":{"showFog":true,"showMaterialUpdate":false,"showSkybox":true,"showFlares":true,"showImageEffects":true,"showParticleSystems":true},"in2DMode":false,"pivot":{"x":-1.9549075365066529,"y":-31.21759605407715,"z":10.801886558532715},"rotation":{"x":0.5617011785507202,"y":-0.04474949836730957,"z":0.033304229378700259,"w":0.824167788028717},"size":40.537315368652347,"orthographic":false}