{"cameraMode":{"drawMode":2,"name":"Shaded Wireframe","section":"Shading Mode"},"sceneLighting":false,"audioPlay":false,"sceneViewState":{"showFog":true,"showMaterialUpdate":false,"showSkybox":false,"showFlares":true,"showImageEffects":true,"showParticleSystems":true},"in2DMode":false,"pivot":{"x":1.1749544143676758,"y":-1.688967227935791,"z":4.322854042053223},"rotation":{"x":-0.1514427214860916,"y":-0.031076496466994287,"z":0.0048026032745838169,"w":-0.9877816438674927},"size":8.492042541503907,"orthographic":false}