{"cameraMode":{"drawMode":0,"name":"Shaded","section":"Shading Mode"},"sceneLighting":false,"audioPlay":false,"sceneViewState":{"showFog":true,"showMaterialUpdate":false,"showSkybox":false,"showFlares":true,"showImageEffects":true,"showParticleSystems":true},"in2DMode":false,"pivot":{"x":2.6576900482177736,"y":-5.071598052978516,"z":-20.370847702026368},"rotation":{"x":0.46664959192276,"y":0.07161989063024521,"z":-0.03824525699019432,"w":0.8800656795501709},"size":20.92499542236328,"orthographic":false}