{"cameraMode":{"drawMode":2,"name":"Shaded Wireframe","section":"Shading Mode"},"sceneLighting":false,"audioPlay":false,"sceneViewState":{"showFog":true,"showMaterialUpdate":false,"showSkybox":false,"showFlares":true,"showImageEffects":true,"showParticleSystems":true},"in2DMode":false,"pivot":{"x":1.8770561218261719,"y":-1.3372126817703248,"z":-3.7163498401641847},"rotation":{"x":0.00478486530482769,"y":0.9922325015068054,"z":-0.11575353145599365,"w":0.0414537712931633},"size":8.492042541503907,"orthographic":false}