{"cameraMode":{"drawMode":0,"name":"Shaded","section":"Shading Mode"},"sceneLighting":false,"audioPlay":false,"sceneViewState":{"showFog":true,"showMaterialUpdate":false,"showSkybox":true,"showFlares":true,"showImageEffects":true,"showParticleSystems":true},"in2DMode":false,"pivot":{"x":2.409576177597046,"y":-0.534237265586853,"z":-0.6052570343017578},"rotation":{"x":-0.10491728037595749,"y":-0.5632278323173523,"z":0.07238075137138367,"w":-0.8164114952087402},"size":4.925613880157471,"orthographic":false}