{"cameraMode":{"drawMode":2,"name":"Shaded Wireframe","section":"Shading Mode"},"sceneLighting":false,"audioPlay":false,"sceneViewState":{"showFog":true,"showMaterialUpdate":false,"showSkybox":false,"showFlares":true,"showImageEffects":true,"showParticleSystems":true},"in2DMode":false,"pivot":{"x":0.35001349449157717,"y":-0.6310174465179443,"z":4.9358086585998539},"rotation":{"x":-0.10077424347400665,"y":0.058210231363773349,"z":-0.005813470110297203,"w":-0.993003785610199},"size":8.492042541503907,"orthographic":false}