{"cameraMode":{"drawMode":2,"name":"Shaded Wireframe","section":"Shading Mode"},"sceneLighting":false,"audioPlay":false,"sceneViewState":{"showFog":true,"showMaterialUpdate":false,"showSkybox":false,"showFlares":true,"showImageEffects":true,"showParticleSystems":true},"in2DMode":false,"pivot":{"x":0.7928398847579956,"y":-2.7788500785827638,"z":5.764000415802002},"rotation":{"x":-0.18883852660655976,"y":-0.020638298243284227,"z":0.004665933083742857,"w":-0.98099285364151},"size":8.492042541503907,"orthographic":false}