{"cameraMode":{"drawMode":2,"name":"Shaded Wireframe","section":"Shading Mode"},"sceneLighting":true,"audioPlay":false,"sceneViewState":{"showFog":true,"showMaterialUpdate":false,"showSkybox":true,"showFlares":true,"showImageEffects":true,"showParticleSystems":true},"in2DMode":false,"pivot":{"x":32.090087890625,"y":-10.202252388000489,"z":-2.021160364151001},"rotation":{"x":0.11362184584140778,"y":0.7142493724822998,"z":-0.12005684524774552,"w":0.6789920926094055},"size":34.84478759765625,"orthographic":false}