{"cameraMode":{"drawMode":2,"name":"Shaded Wireframe","section":"Shading Mode"},"sceneLighting":false,"audioPlay":false,"sceneViewState":{"showFog":true,"showMaterialUpdate":false,"showSkybox":false,"showFlares":true,"showImageEffects":true,"showParticleSystems":true},"in2DMode":false,"pivot":{"x":1.402632236480713,"y":-4.4617815017700199,"z":-0.9867539405822754},"rotation":{"x":-0.007332454901188612,"y":0.7341524362564087,"z":-0.6786494851112366,"w":-0.007861129008233548},"size":8.492042541503907,"orthographic":false}