{"cameraMode":{"drawMode":2,"name":"Shaded Wireframe","section":"Shading Mode"},"sceneLighting":false,"audioPlay":false,"sceneViewState":{"showFog":true,"showMaterialUpdate":false,"showSkybox":false,"showFlares":true,"showImageEffects":true,"showParticleSystems":true},"in2DMode":false,"pivot":{"x":-0.31260567903518679,"y":-4.039766311645508,"z":5.7820634841918949},"rotation":{"x":-0.25749415159225466,"y":0.018673354759812356,"z":-0.004947824403643608,"w":-0.9652733206748962},"size":8.492042541503907,"orthographic":false}