{"cameraMode":{"drawMode":2,"name":"Shaded Wireframe","section":"Shading Mode"},"sceneLighting":false,"audioPlay":false,"sceneViewState":{"showFog":true,"showMaterialUpdate":false,"showSkybox":false,"showFlares":true,"showImageEffects":true,"showParticleSystems":true},"in2DMode":false,"pivot":{"x":2.1374077796936037,"y":-0.0047777690924704079,"z":-0.137231707572937},"rotation":{"x":0.2787593603134155,"y":0.47346124053001406,"z":-0.16134332120418549,"w":0.8189010620117188},"size":8.492042541503907,"orthographic":false}