{"cameraMode":{"drawMode":2,"name":"Shaded Wireframe","section":"Shading Mode"},"sceneLighting":false,"audioPlay":false,"sceneViewState":{"showFog":true,"showMaterialUpdate":false,"showSkybox":false,"showFlares":true,"showImageEffects":true,"showParticleSystems":true},"in2DMode":false,"pivot":{"x":-1.5838125944137574,"y":-2.656015396118164,"z":5.571788787841797},"rotation":{"x":-0.21421480178833009,"y":0.20912617444992066,"z":-0.04690665751695633,"w":-0.9527719020843506},"size":8.492042541503907,"orthographic":false}